James;Martinez;EVARCQQCJ
John;Williams;YQIOPSQ3Q
Michael;Miller;PQ97IXOTY
Isabella;Jones;PNHEPU65J
Robert;Smith;7M16H5PND
Emma;Johnson;SFKJGG5DE
Emma;Johnson;3ARKUVPNF
Ava;Garcia;O0P5REPQ6
Olivia;Davis;UDMMCK4GO
Sophia;Williams;VSBRIQ5YC
Emma;Garcia;8BUZBJAUL
Robert;Brown;LOOUNCWVS
Olivia;Martinez;YIN1SX1RB
Ava;Johnson;99E4A177Y
Isabella;Jones;U4LSVY80Z
Robert;Miller;I3CN99PQG
Isabella;Martinez;5UIR000R9
Isabella;Smith;9AA7CGKW3
Isabella;Rodriguez;3ZUHVEEXT
Emma;Jones;LCC4GQ948
James;Martinez;EKF5FA61J
David;Martinez;A57F4GNEA
Olivia;Jones;1TKD5TAX6
Olivia;Martinez;BVBD9VZBA
Isabella;Miller;M30A6YN2A
David;Garcia;OZRRPDP3R
Emma;Williams;6W7JYOKP5
James;Jones;9R3NCHHFI
Emma;Jones;LU8QLP5DY
James;Brown;5ALP95P4O
Emma;Jones;7ARSDFG4U
Olivia;Brown;1HXNFZIY8
Sophia;Johnson;9S2W4KBBW
Sophia;Smith;7TTH353Z4
John;Johnson;0OGYL0F9X
David;Martinez;BUWXH0A8Z
David;Smith;833WF3TQV
Isabella;Smith;U76RZVY22
Michael;Smith;0N087NBEG
James;Johnson;6S0FHPXQY
Emma;Rodriguez;YT9OH2LDC
James;Johnson;8ZSRWWX4F
David;Davis;6DZLC2S27
Emma;Johnson;D9YOP3YU5
Robert;Martinez;ZYHAXJIKG
John;Miller;YN17AUKW0
Michael;Jones;O48VJ8NCM
Robert;Martinez;7TBDXVWWB
John;Davis;CCTUT4W0G
Isabella;Brown;01H3RT7AF
Robert;Garcia;V9UZP2W3E
David;Johnson;SLRRZDVNO
David;Davis;1A0J2J3ZO
Sophia;Johnson;2JWX0TMCS
Isabella;Rodriguez;T862FKXPD
Emma;Brown;ZDLPA3I0G
Emma;Smith;B8GVZBFNQ
Ava;Garcia;8JH90GRJ9
Michael;Davis;N70FM1BU8
Sophia;Garcia;M3PSVK10M
James;Miller;W1OE0AV2L
Michael;Davis;0GSSG9JLW
John;Williams;9RLGIOG51
Robert;Johnson;3B3VS2AIT
Sophia;Martinez;OLS9Q4FSW
Isabella;Rodriguez;Q5UZNLA5G
Isabella;Miller;T6NGA30JK
Emma;Brown;DEDIQVXGP
Emma;Johnson;M0ZKWV0J6
Isabella;Brown;V7GPGPUXW
James;Garcia;0TUAZM19P
Emma;Rodriguez;ORLWDHHN6
John;Brown;YYCFIONLM
Michael;Jones;2ZVHGZH9V
David;Miller;TY8S70F93
John;Brown;T981LOD5N
Emma;Miller;WWBYSAF0F
Sophia;Rodriguez;XCEM9PH8F
Robert;Williams;046JC9ZHN
James;Johnson;KNR9OLKG4
Emma;Rodriguez;OI7E1Y2PU
Isabella;Davis;PTFWX3R5E
Sophia;Williams;5BCTKUUT0
Emma;Williams;NZWBUEK5F
Olivia;Brown;030ULTW98
John;Jones;4XVE735BN
David;Smith;LWLUT2O8C
Emma;Jones;C5QL58YGP
John;Williams;FYSZK6LHL
Isabella;Jones;W7FRM6P6F
Michael;Rodriguez;Q97ZDIA8D
Ava;Johnson;KU4QS4LBD
James;Johnson;2F3COMT4Z
Emma;Brown;USV6V7QVH
Isabella;Williams;2OIHPZ6OM
Ava;Garcia;NPJ6Q28OY
Sophia;Johnson;Y98VELU4D
John;Johnson;ID19NKV90
James;Williams;AFTQNR6C0
Olivia;Garcia;4M3NTX90E
Emma;Rodriguez;P600YST1E
Michael;Miller;NAG0UO4WV
Emma;Jones;PFWBDT91N
Emma;Johnson;XDL20TETA
Isabella;Brown;9AP6S3JOI
Sophia;Williams;DSX8C0ZYF
David;Jones;KKG7MH411
John;Martinez;JUXPBF8ZB
Ava;Garcia;IZ43GW3WJ
Robert;Martinez;G8FQVW3ST
David;Rodriguez;27KJLR4GN
Ava;Martinez;GPVJ6YMF7
Isabella;Johnson;KLQQ0H5LC
Olivia;Davis;JJSJOD37E
Sophia;Brown;N0EVABK4E
Isabella;Brown;PE05Y1MHG
Olivia;Davis;MY81SKMQX
Olivia;Smith;1ITHCVBA8
Isabella;Miller;Y6X4SZTBQ
James;Jones;A0T2XDJF4
John;Rodriguez;O8YKCT8KK
Olivia;Rodriguez;T62VA2Q7B
Olivia;Brown;YSMAYCPT2
Olivia;Garcia;DGWLP0MFH
Ava;Davis;GJ6KJLXCU
Sophia;Jones;E3WFXY77F
Michael;Martinez;78XEWXPW2
David;Miller;NO03X1TXH
Robert;Jones;Z24MP2RX6
Emma;Brown;NQ4J7LMP1
John;Martinez;52JHI592Y
Robert;Williams;PU5VORH5N
Michael;Garcia;0G917TLWV
David;Williams;1PXZ6MTH9
Sophia;Williams;HMGXWMWWK
Robert;Johnson;G9HBT7P23
Emma;Garcia;3H9DMI4DE
Michael;Garcia;VJE4ES1HB
Isabella;Jones;82JEO4C9U
John;Williams;7BB6RU5DS
John;Smith;40FOKHGNP
James;Rodriguez;TH8UJFOL6
Isabella;Miller;2D737XK87
Michael;Davis;DDEF1O0CX
Michael;Davis;QUQSNWAV4
Ava;Jones;8CYF2E5YG
Isabella;Garcia;UNT2PNJSL
Michael;Brown;ZYVGSH5LY
Olivia;Johnson;XSE53227K
Robert;Miller;21V2CGG4O
Olivia;Jones;0MYYXJ11N
Olivia;Miller;0RO4SIZO7
James;Martinez;FCFSBRS3Q
Robert;Martinez;NOJ2BXMB1
David;Smith;0VZKIAN0H
David;Smith;4V1MKSF42
James;Jones;GRO2WQN56
John;Davis;X9AKG838Q
David;Martinez;LYH7UA2MV
Sophia;Smith;6H3VB6W78
Ava;Miller;Q4H4GFJ7H
Isabella;Smith;OIUUE3K4Q
David;Williams;1Q9Y451VR
James;Rodriguez;AO70YRLWY
Robert;Jones;A5YS7B89G
Sophia;Brown;J14W5CW1U
Ava;Garcia;UZSFWE3RG
John;Smith;FRQX66YUP
David;Brown;M9OP7UUFK
John;Smith;26ZANNKHX
Ava;Davis;PCV4NIANX
David;Garcia;1I7FIREQC
David;Miller;SDNM4QB5Z
David;Jones;8TLVATZUK
Olivia;Jones;F5VWZ3KRX
Emma;Brown;RI6OKWUUQ
Isabella;Jones;ECQRKG63E
Michael;Brown;O0DSPN6A7
James;Martinez;92WRA94SX
Robert;Davis;AZDRA3MMP
David;Brown;OOBRWTFFK
Olivia;Rodriguez;VAEOUQ7DV
Isabella;Brown;193FYWAMN
Olivia;Brown;GCKX8L5WB
Emma;Rodriguez;NCBGM261B
Sophia;Rodriguez;IVCV6O26Q
James;Jones;U3YTA8IMD
Michael;Martinez;TTQITLZ8D
David;Smith;8I3A7JB5E
Robert;Garcia;C5JYGY73E
James;Johnson;F0KKFCKD4
Michael;Miller;HKMZUZ7VU
John;Jones;R8TB6IXDJ
Michael;Miller;OGRSIGCJS
James;Jones;41DTGDF9F
Robert;Williams;3TF9O765L
Sophia;Brown;SL0LDXW5Y
Sophia;Martinez;OJJZVS9HV
Emma;Miller;ZFC2PM1OD
Olivia;Martinez;FSDUVVZ1Z
Emma;Davis;VKEM894Q6
David;Martinez;0NI38COEO
Robert;Johnson;UF0340UID
David;Brown;TQSZSKOLP
Emma;Smith;D4F05KO5D
Isabella;Rodriguez;E6NIEGYZJ
Olivia;Jones;3LAB3CVZL
Sophia;Miller;WAICC9G2H
Michael;Williams;N3UHHPYD7
Michael;Miller;MX9R5AR58
Emma;Rodriguez;SHW8W34X9
Robert;Johnson;SM76TRJD9
Ava;Smith;91CM7DYOS
Ava;Jones;W8ZW4AG47
David;Miller;YMX0O479Q
David;Davis;XV1SMI9RJ
Robert;Johnson;BICNMD0B1
Isabella;Johnson;1HG80UA5M
David;Williams;L9J9S8TGG
Emma;Jones;W1GGGR7MN
David;Williams;G2THSWZSY
Sophia;Garcia;5DXVX2YDP
Olivia;Garcia;QPDGY8T3D
Olivia;Brown;D1J1Q1C3C
John;Williams;WMBUO7RO7
Michael;Williams;20RD3A7SI
Ava;Davis;HC24BDBMA
David;Jones;K1W1E3TBQ
James;Martinez;7CUZ1YZ3L
Olivia;Martinez;TP5R2WE1B
John;Brown;LRDBU9OZ2
Emma;Miller;X3F401A09
Isabella;Jones;OFYQ4KSGM
Olivia;Williams;K2P31HAYA
Olivia;Brown;DJCPBMF8C
Michael;Miller;P9FZ0WD3T
Emma;Miller;4TMZEIVJD
Emma;Garcia;B3A5NS7YC
Robert;Martinez;DMZZJQ71A
James;Davis;U9PF8NM6Q
James;Miller;6SSYDQBO1
Isabella;Martinez;7Q8K2ZWKJ
Michael;Rodriguez;U5K1LMXF5
David;Davis;61O1VLO8V
Emma;Brown;8X94E6QEP
Robert;Smith;HKAXFKRY9
Robert;Jones;TVTD4VWS1
Ava;Brown;3VDSUHMK4
Olivia;Jones;NAU6ZBGP8
David;Smith;ITJ7UNGO0
Emma;Johnson;UWOYP9YSA
Isabella;Garcia;D61QEQJ82
John;Miller;6QATKTXSC
Robert;Johnson;K5W2IO6TZ
Emma;Williams;4UPX5XIDW
Ava;Garcia;N3D3146CJ
Emma;Brown;FUM4U90HE
Olivia;Davis;DERO7F0JP
Sophia;Davis;X8S347XHU
Isabella;Martinez;4O4FOGK8X
Olivia;Johnson;V4HF3ZFY3
Isabella;Martinez;983WYAT8B
Sophia;Brown;5KL2K8H1U
Robert;Davis;DF98K9JU0
Michael;Miller;YNPUX94TR
Robert;Garcia;U8CMNOFYP
Ava;Miller;V4U5NNDFI
John;Johnson;M0BT7W4B2
James;Garcia;LQL9P601Y
James;Jones;AA7MTUGOL
Emma;Williams;KEXLJXXDS
Michael;Johnson;1TBC8WY7T
Ava;Johnson;DY3G9NT1H
Michael;Brown;S2175KM3L
Michael;Johnson;G69H1GFFY
Emma;Brown;5YZIMMD0T
Isabella;Brown;FVLNT055D
Olivia;Brown;QXQJ210G5
Robert;Miller;PZWEUVDRO
James;Garcia;GVBCRSFUA
Olivia;Brown;SCY26KZEQ
Michael;Garcia;SLQ20IH3I
Isabella;Johnson;JWX9172N3
Robert;Davis;7IVDGCOBC
Isabella;Jones;ZVY2CGPCD
Olivia;Jones;MMCV5S5JV
James;Jones;ICMPWILIG
Sophia;Garcia;S0KZ9IXZ6
Olivia;Garcia;NXZ4SODZW
Emma;Williams;P972JQ4HC
Ava;Williams;S6YWNHO2U
Ava;Garcia;DQ6WH63B2
Sophia;Johnson;HBRWKG0QN
Michael;Miller;PVCMZ7NWW
Robert;Martinez;B4WJN9S32
James;Martinez;7CKAL94CR
Michael;Rodriguez;RE0TORY80
Michael;Brown;W6TM0QBH8
Robert;Smith;VOW7Z1XV6
Emma;Rodriguez;LE8NERML5
Emma;Smith;U2BJ5R68L
John;Martinez;M303GHCYJ
David;Miller;EHEOVNXHP
Michael;Jones;H8HO3KAYS
Ava;Miller;566GNGRZE
Emma;Miller;ZD1CBXRYX
Isabella;Jones;WCC7EC6A0
Ava;Johnson;0Y24UBK5A
Sophia;Jones;9DVF8SQZ8
John;Rodriguez;WS6QUH6ZP
Michael;Smith;F8B4IISRC
Robert;Martinez;24ELZXFTG
Robert;Martinez;IY5R5FUEJ
John;Martinez;F5AP5RHQ1
Ava;Smith;D4AONR2DZ
Robert;Miller;47FMU6IMV
James;Rodriguez;9BP2V87N5
Ava;Jones;YXNRKXZGF
Michael;Davis;T3WMXHIRB
John;Jones;GLRA4N73N
Sophia;Brown;AC8AQSGIK
Robert;Smith;WU57G7JWY
Emma;Smith;TPVQSL1YG
Ava;Williams;Z7LHJ8WKS
Olivia;Brown;23QT6N2A3
Emma;Miller;W9SAWG778
Emma;Garcia;XEN6DDOCH
Emma;Garcia;PR1OBEJOS
Olivia;Williams;0KNFBQCVB
Isabella;Jones;W2WIVHLUK
Olivia;Garcia;WLMHN9NFM
Ava;Johnson;OTY7CNT8W
Emma;Smith;O1J1J8F2W
Robert;Brown;ID5FXLXJV
James;Miller;CGJYO27YV
Isabella;Brown;YENZ55WZ0
Olivia;Rodriguez;LYK2PJWVT
Robert;Brown;VSBG2XZ7I
Isabella;Jones;ZHIJULVJB
Isabella;Williams;53YCEGBJM
Olivia;Rodriguez;GCBZEJ0T4
James;Jones;OL63FL7JM
David;Miller;FK7RSR1EC
John;Davis;APZQRVH46
Olivia;Johnson;NUPYQ3EC5
Sophia;Williams;4P3UHDGY5
Olivia;Smith;XUQLNLV81
Olivia;Miller;F2FWGQL9S
David;Rodriguez;5W9STTF1P
James;Williams;7D98G26OK
Sophia;Johnson;GCIAGEYRR
Emma;Smith;H1ODWQ67X
Ava;Williams;V1ODDLKAP
Emma;Garcia;PEJADLP48
James;Davis;A56HDOPTV
Robert;Johnson;D2432PQHP
David;Rodriguez;WF9RO25HJ
Isabella;Williams;J83U66M4T
David;Martinez;X88IWZXQU
Michael;Rodriguez;DM5DDE25T
Robert;Rodriguez;TADLLD4X0
Olivia;Brown;M0VDALLEP
Sophia;Williams;8OF7VC34G
Sophia;Brown;1ELN4S3SO
Emma;Brown;YEHABSJ04
Ava;Smith;8I0GK7HFS
John;Rodriguez;NEUZ6AFMU
Ava;Smith;A94LTHDBJ
David;Jones;T3AJ5II9C
John;Williams;T75RL3QQ3
Isabella;Garcia;019BYCILN
David;Garcia;1U64SKBYM
Olivia;Garcia;0SX802R1R
David;Garcia;A80GGNM32
Ava;Johnson;MJTEMYV81
Michael;Martinez;U4R4PVURE
James;Garcia;5A5UTVDYS
Isabella;Johnson;3S9FLUB0U
Sophia;Rodriguez;VGMUA8791
James;Williams;OEU9IFSQT
Emma;Smith;H6IGX438G
Isabella;Williams;3ZKPNXCZH
Sophia;Garcia;HKQXG1Z2K
Emma;Johnson;ZV94BU4HZ
Isabella;Rodriguez;A3M2DGG0W
Olivia;Smith;1479BVNT1
Olivia;Davis;R9CWYDXIM
David;Smith;AOGPB000I
Robert;Smith;ZP04LNBQM
Robert;Jones;41BUYCDP2
Michael;Williams;85OD2WOZG
Robert;Brown;C9BXXWNY1
Emma;Brown;8II8FB86S
Ava;Smith;J1FDTMJ8Y
Michael;Williams;897L5JBI3
Emma;Rodriguez;AXKQYYTYF
Emma;Garcia;5PC2520R5
Sophia;Garcia;LIKPXOSF0
Emma;Rodriguez;GIVMEEYRM
Olivia;Miller;11337YRZ6
John;Jones;H7DLG79EQ
Michael;Miller;WP8PDJYMT
Sophia;Davis;OM08ECKZY
David;Jones;8VAKQ27R6
Isabella;Johnson;TC99ZTUH4
Ava;Johnson;WMIYWK682
Sophia;Smith;C4P0XS6UU
Isabella;Williams;R8CTRQTJT
Michael;Jones;LTPVSJOC3
James;Davis;AS5ZC6AIS
Emma;Brown;4D591RZKJ
Robert;Williams;C1YGA5P33
John;Smith;42X35M3UK
James;Davis;10NV7KWI8
James;Williams;RT7XNX07O
Isabella;Johnson;2GDF4XCAZ
John;Jones;PA7R4IXNF
Sophia;Johnson;Q34BKW7XV
Ava;Smith;4SA7SA2A4
John;Davis;IW3X0J89A
Olivia;Williams;BA4EB1BIT
David;Garcia;L2E9G6HQD
Sophia;Martinez;5ZV45MYPO
James;Garcia;T0GGPUIA9
Isabella;Jones;ICL8HPU0C
James;Brown;GZWW0FH6R
Isabella;Rodriguez;3CWY2DSES
Robert;Jones;SVKZLP2W8
Ava;Brown;945Q0ZHL7
Robert;Rodriguez;FA8MX3BQK
Robert;Rodriguez;XTHJS8VJH
Robert;Brown;63BURR7XD
Robert;Smith;2NHVSBDBQ
Robert;Garcia;U8SFJAV9R
Emma;Williams;NGZL8TWPH
Ava;Jones;NWTTHXXDJ
Olivia;Martinez;9A9GC7014
James;Miller;R62VN3SO7
Olivia;Martinez;DBWWAIS6V
Olivia;Garcia;KR3T0Q54Y
Olivia;Johnson;IJ6J8YE9I
Olivia;Smith;Y3QYWH9IM
James;Williams;3OEFHT9SO
Ava;Miller;YE2RET7SS
Isabella;Smith;XTYTXGD04
Sophia;Williams;U1EL7MZQJ
Robert;Rodriguez;DWB5JCECY
Emma;Miller;MY78TMF3Q
Sophia;Martinez;DTY9EVGQT
Sophia;Smith;QNB7XX51I
Sophia;Brown;JU2CBCIWC
Isabella;Jones;KN0DKKDH9
Emma;Smith;8PB527NX7
David;Martinez;QRMBFI2DT
Emma;Martinez;T1XSXIY70
Sophia;Martinez;41NHTSVZJ
Robert;Davis;PPSCBL9HQ
James;Martinez;VGGPRYR7T
James;Brown;SW5MB6GTP
Ava;Brown;H0IPZPXEQ
Olivia;Miller;WHETCPYML
David;Smith;SVFEN21EO
Michael;Williams;QNTTLC1P1
Robert;Rodriguez;POEBAX3XL
John;Martinez;NNCWAYFEK
Robert;Smith;IMYD96BL8
James;Garcia;PNC6OR7WL
Michael;Smith;X5Y2T4VWH
John;Jones;T0PGB21TF
Olivia;Rodriguez;HDISY6A8E
Ava;Brown;OZFJEJKBP
Olivia;Jones;GXD10L51E
Ava;Smith;5Z1AL6DFR
Olivia;Johnson;UJ6JXUOEC
Robert;Johnson;00MTH1II7
John;Johnson;ULRNOZ24R
Olivia;Smith;5Y9OFECBD
David;Johnson;6JL53W84Z
David;Brown;NEECCD170
Sophia;Miller;MVVJC0MB0
John;Williams;LQUJZQY67
Michael;Williams;900DUVIJS
Olivia;Davis;AIFFZZJUH
David;Garcia;BL1KN6HDF
David;Martinez;WDH19E31F
Sophia;Martinez;5KCJJPSJ6
Sophia;Brown;KDIWM9TAE
David;Martinez;WIEGEC8HR
Emma;Brown;UDQIXIG7Y
John;Miller;WMMSYZFIL
David;Johnson;BM3AHJ8N6
Michael;Martinez;MHY4SLILC
Michael;Johnson;RAHCLQCYG
James;Johnson;DSZPBTBFZ
Ava;Miller;ZTUFYBIWN
John;Rodriguez;RCUID9EF2
James;Miller;MXPV61D2U
David;Rodriguez;DSC5337OU
Ava;Garcia;H6QFSK6BZ
John;Martinez;BWBD1GVV3
James;Williams;RMLUTAK8L
Ava;Davis;WKJRPKQ6E
Isabella;Brown;F3EJJMFIB
John;Davis;7WMNBLZUE
Sophia;Williams;7KTATCT5C
Olivia;Martinez;601D61XAU
Ava;Martinez;74MHW6BGQ
Ava;Jones;1BC83M8C2
Olivia;Brown;QC9HKBMOW
David;Jones;V6O0ASGQJ
Emma;Williams;S7GGLH37X
Emma;Williams;3NQV0BSOJ
Robert;Williams;W6BMCLWBL
Ava;Miller;5LHP9Y6LH
Emma;Garcia;8I4IT149Y
Sophia;Martinez;VB82AMLGM
David;Smith;Q9NQPT3BT
Robert;Garcia;13IJX68IM
James;Brown;Y0ZK0R4TX
Michael;Smith;CWDSA4IKM
John;Martinez;0FRAXISUH
Robert;Williams;HMNB8NSF4
Olivia;Johnson;27DA5DDGU
Michael;Miller;5SJT2CQVL
Emma;Smith;LIL38R0FS
Isabella;Brown;6EUCRJRUD
Robert;Rodriguez;BNU0Z4YH5
James;Garcia;02RSQHBG1
Michael;Garcia;P80IPATZK
Robert;Johnson;F4SWJ0JO5
Ava;Brown;K3KS4C5W9
David;Garcia;R59EU1GKN
David;Brown;XAHVGU80J
Ava;Brown;LFNYC44BW
James;Jones;9WOB2E4M6
Ava;Smith;KGSMV5L6L
Michael;Davis;FPV8DXBV7
Sophia;Martinez;UBVM4AXCC
Olivia;Jones;336WZ3GDZ
Isabella;Williams;SU2TL33UY
Robert;Brown;YXVJKU9G6
Olivia;Johnson;39XNI8CNG
Ava;Smith;DHMLDEBEO
Olivia;Martinez;YND87H41F
Robert;Smith;RRT0XSA7D
Robert;Brown;UC76UMB39
Isabella;Martinez;28VMZL7PH
Robert;Williams;C7OQKJTGN
John;Williams;7C3DQXRSJ
John;Miller;OBM61PY0J
Ava;Brown;JNC8R0C9B
Ava;Davis;QEAFUMZCQ
Robert;Davis;3HMMCPT4N
Isabella;Rodriguez;2PVE2OXWC
Emma;Jones;ELR1BWFRP
David;Davis;PSK5BIFY7
James;Miller;CD2BC2ACY
Olivia;Brown;CMZAXJVLN
Robert;Jones;B5L529FO9
David;Davis;172WNZOVP
Sophia;Smith;9CNSGFRHT
James;Williams;P8BG6HRGW
Isabella;Rodriguez;9X0ZRFXBU
Ava;Garcia;R8RM0L15U
Emma;Miller;Q05LD1FUB
Olivia;Williams;U0UTLLA05
David;Garcia;QHT5ZSQUA
James;Martinez;Q2MZQXO2V
Michael;Davis;5IO3FE3S0
Ava;Brown;JPAJK6LTE
Emma;Rodriguez;9NPUOVW56
Sophia;Williams;34MGDEXIP
Olivia;Jones;NJW3LU1Q4
Emma;Smith;WGN7YNFS4
Sophia;Williams;1LQPRRSQK
Olivia;Brown;TDAXE2BJ9
Sophia;Johnson;L15F6P93I
John;Smith;KYXIQHJI9
Olivia;Jones;TWJ3UCJTF
Emma;Johnson;13OP2SL5E
Olivia;Smith;I31CGF25T
Michael;Johnson;ABB9IUVBC
Olivia;Brown;IULRIR2DA
James;Garcia;0LIBYTYDG
Isabella;Miller;ELY4T8U84
Emma;Brown;BGUF1NDCS
Olivia;Garcia;UYNNKOWX6
Isabella;Davis;NUCSG1IC0
Emma;Rodriguez;R5SDKZDXL
John;Davis;QJVDSGM43
Michael;Williams;K45BWZYMD
Isabella;Williams;DH495OWS5
Emma;Johnson;KS3K80MQW
Olivia;Davis;Z6TXN5UWH
James;Williams;KA7LSXJ7X
David;Williams;W2LWPEQWO
James;Brown;I2X2TGQMJ
Robert;Smith;OT0TKU1NS
Robert;Brown;012XEOV1E
Michael;Garcia;9Z2KPDE2R
John;Williams;AZK7MFKDE
Emma;Jones;CD8NY6FZN
Olivia;Smith;7BZRDFF18
Michael;Johnson;6WPNVQCT6
Isabella;Smith;F0XDT4HXW
James;Davis;MOUH2BP8U
Sophia;Martinez;2WTQX5G91
Michael;Smith;HUZCBET6Y
Olivia;Brown;E2KNMNVR6
James;Garcia;41FCHWDHL
Sophia;Davis;NDIUHRJ95
Isabella;Davis;P9DJLK6TP
Emma;Davis;LAN16WIFE
Ava;Brown;TQP848IZF
Ava;Martinez;FBBBLL8N4
Isabella;Johnson;P10Z31H52
James;Martinez;AFZW4OA3A
David;Rodriguez;VITMQACOL
Isabella;Rodriguez;N4QCKIDWR
David;Johnson;1OGTWJLZP
Ava;Garcia;961YSXR1Q
John;Williams;NEOZYO8BX
Michael;Johnson;ZW5RTM2F0
David;Rodriguez;OAJBGZE3G
Sophia;Smith;LOQ0K1MKR
David;Johnson;D4748408E
James;Smith;KQNI76R2M
Olivia;Rodriguez;U9U90RGJK
James;Smith;B3O6RJD4Y
Robert;Rodriguez;FMUEAZ79X
Isabella;Williams;WF4JON3CA
Olivia;Smith;3OELP32N2
Olivia;Davis;O0RPR032U
Isabella;Rodriguez;OQQME3SY6
James;Davis;DYDIDG67A
Sophia;Smith;0Y9ZIOTMF
Olivia;Martinez;XZ41K426V
Ava;Brown;VCENJI1WI
Isabella;Brown;8DIB2609Z
Isabella;Johnson;E7D9IZ0X5
Michael;Williams;NN9LHGZ13
Isabella;Brown;39DM6HRY9
James;Johnson;7GIMF2FXL
John;Jones;YC2K9PXRC
Michael;Johnson;UDFI8AXWP
Olivia;Jones;VOULN79R0
David;Miller;53UE93WBW
Sophia;Williams;QIH2R09TT
Olivia;Brown;EWKF1HX0I
Olivia;Williams;M359PDHGS
Sophia;Garcia;LUFKGNS76
David;Garcia;8OC7AZAOJ
Isabella;Davis;28TUHX1QS
Robert;Smith;85M6HS9J0
Isabella;Johnson;EUXD5PEK1
David;Brown;VB0PX93D5
Ava;Jones;5IQGD7X43
David;Johnson;VFG7WJ8GW
James;Davis;6YCXOGQDV
David;Brown;CSG91J0ZN
Michael;Davis;P53DZS7GS
Sophia;Jones;M05R1GZD3
Michael;Garcia;BUX6V8J4S
Robert;Johnson;YBQ6Y6Y50
Sophia;Johnson;2RDFYYEKH
Ava;Smith;22PBWLV55
Robert;Garcia;YO27WRJIJ
Emma;Martinez;0V8PCYS9O
David;Johnson;GF4OL0AG0
Olivia;Rodriguez;XL8TH91MI
Robert;Brown;66PO2L5DG
Isabella;Martinez;1VH911GH2
Sophia;Miller;1OP1ORV62
Isabella;Rodriguez;7K5S2YWF4
Robert;Miller;IT7K4ZR4W
David;Smith;XMOWKELRW
Isabella;Garcia;P15C90IUI
James;Williams;LIPD3CCPT
David;Williams;GRMFVDBQ6
David;Martinez;2IFC5V1TY
Sophia;Davis;BRX03FXEB
Sophia;Miller;TU17N1U5J
Olivia;Davis;3PDTT0AZ6
David;Smith;QHTWWF24R
Robert;Williams;01JS3RKPI
Ava;Smith;C11QPNCGH
Robert;Davis;3Y479UU48
James;Johnson;DW0ZEEXZ0
Olivia;Johnson;TXWBL51KD
Ava;Garcia;LNK7OGWAG
Robert;Davis;JWGMOK6Q7
Ava;Garcia;XYKJ09UK4
Sophia;Martinez;WH7MMNGZU
Michael;Rodriguez;SZF8WDPTZ
Ava;Jones;EJVS9KN9I
Emma;Johnson;Y5LN1F31F
Isabella;Smith;PUUFS4EZW
Ava;Miller;Q3DDA2UIM
James;Smith;D4ZVKDD50
Ava;Jones;VQF754J7R
Michael;Davis;LFRJBRIT6
David;Williams;2PVVES2JT
Isabella;Jones;3GCGLHFRB
John;Jones;ROVO10WJA
Robert;Brown;IVYSAL0JE
Ava;Miller;LHSTA8UO4
Olivia;Johnson;T51EYKDHQ
Olivia;Garcia;55AG2FCA4
John;Williams;ZFEKGA66T
John;Rodriguez;QKO8ZEDD9
David;Jones;CSEYRGNJJ
Sophia;Williams;UBO7PRWTH
James;Miller;E9FSNIZ8H
Emma;Garcia;4NWJX3IT8
Emma;Smith;YMTJ7697O
Robert;Brown;YKLGB8WGQ
Isabella;Williams;EUVLT9OG2
James;Garcia;JL3FI3DY5
Emma;Brown;19FFSCD7O
James;Martinez;7MZ2XGPX6
Michael;Smith;Z27GR36JW
Robert;Garcia;0T9C2YJ58
Ava;Garcia;EGBV88XA4
Isabella;Davis;G57VZS1UX
Isabella;Miller;TYGBG4DIT
Olivia;Williams;S0Y67E5EC
John;Johnson;3ACKPA8C7
Robert;Davis;H6DKY7PLC
Sophia;Davis;29H8IBZSU
Olivia;Williams;GF7BFH5RF
Isabella;Martinez;5WVSLGB4B
Michael;Smith;EKA4F7LQI
James;Brown;NDZT4DKV4
Ava;Davis;55TA1LACA
Michael;Martinez;TT4GQLJ1P
Michael;Johnson;3FL4S5IYT
Emma;Smith;3GCQI36UZ
Sophia;Miller;BSH1V8KWX
James;Miller;XJ628Z8XB
James;Smith;QG90MZA98
John;Brown;QT3765X49
Olivia;Smith;5ILM89W6Z
John;Garcia;13NSS3CM3
David;Williams;EATILP5NS
Robert;Brown;SW5Z2MIFA
David;Jones;FTIYXXBC7
Michael;Brown;N35HFB3D3
Isabella;Johnson;1S6C90E5R
Michael;Jones;ZAYBXPIFO
David;Williams;ZOVXWMRH7
Ava;Smith;AQNA2QQ60
Sophia;Brown;UK0KOMK7T
James;Martinez;LX2U0ARRP
Robert;Smith;YUBWXRMYY
Sophia;Miller;P5N00BDE9
John;Rodriguez;MIJL1WHFY
James;Williams;I8HAZQADH
John;Martinez;TS66ZY38B
Olivia;Martinez;YYM30E0T4
Isabella;Garcia;T35URQ5Z4
Olivia;Martinez;INZJXY5I7
David;Garcia;KSR6GHDXJ
Sophia;Smith;9BHZVBYLY
Robert;Smith;FFE8SBURB
Robert;Miller;JM4QP9NGG
Isabella;Martinez;WB7F0IYRU
Emma;Miller;BX9744CQU
James;Brown;QOQQF1J9Y
Olivia;Jones;KKXEUOKQ6
Isabella;Brown;IUJMKM9OB
James;Davis;WGUA9MJ2H
Ava;Miller;8V00BHLAE
Ava;Smith;O0RU4MRDZ
Emma;Johnson;1E0HOTQ6F
Emma;Williams;Q4NDLLWVT
James;Johnson;GB34FSINJ
James;Smith;IFOHGRFKZ
Olivia;Jones;MMM0O77L2
Emma;Jones;HUO21IC21
Ava;Rodriguez;VAADDKVV9
Sophia;Garcia;Q6CYBWO2R
David;Williams;VKJXJ13XT
John;Johnson;Q0G7PVRJU
Sophia;Davis;AT1ATR64V
Olivia;Rodriguez;9424F4NUW
Isabella;Davis;J00FDYA90
James;Jones;GGBDH3KGW
Emma;Williams;E9L2PYEX3
David;Rodriguez;NNGWTBANP
David;Davis;HVWIJMCH5
Sophia;Brown;8XKGJWO3V
Emma;Williams;Z7DU5R2PN
James;Rodriguez;QXSXKFUZ5
Sophia;Rodriguez;P7536NHO3
Michael;Williams;FZECF1RAP
Sophia;Miller;Y92WAQWT4
John;Johnson;AJJWOQXFI
Ava;Williams;71BDNOZ77
Robert;Johnson;CWZWWAQU6
James;Smith;FGDYALIGC
Robert;Rodriguez;G8MTBYYKA
Isabella;Jones;AA673HBJE
John;Martinez;1JRMRV7JT
Isabella;Smith;T9WP99BL9
Olivia;Jones;NI3SRZRNR
Sophia;Johnson;9MWHBHO4B
Sophia;Jones;7EWHSLV4E
Sophia;Brown;Z8O0GXA03
John;Davis;LTKA3A41S
Sophia;Jones;CLJ4DU99A
James;Davis;7C00PEN0A
Emma;Smith;6Q3LLJY0W
John;Davis;0C65KNBR1
Ava;Williams;TZ2F012ON
John;Williams;Z46S5RS05
David;Garcia;W3SK13F4J
Sophia;Miller;YUVK3NT1I
Robert;Smith;MBCR0E4YV
Sophia;Brown;V0CVNANE4
David;Jones;62R4GVHU5
Sophia;Williams;3E3PAC0GF
Isabella;Davis;G3R6PYLWY
David;Johnson;WIEGFXKS4
David;Miller;TIHT5GQGY
Robert;Rodriguez;VDT2NZV52
Robert;Miller;JW0BW7MNG
John;Rodriguez;88I6H9T96
Ava;Smith;CAULGHEY7
Olivia;Smith;BU7HBN677
John;Rodriguez;A9H4N6HDO
Emma;Smith;E3KSSWRNO
Ava;Martinez;OIMMWURY8
Michael;Rodriguez;6P518UZTL
James;Martinez;58F6ZR079
Robert;Rodriguez;LPCVGUTB2
Sophia;Rodriguez;FH7ZIBDVS
Ava;Davis;BN4F9S526
John;Jones;X1MWUY75K
Sophia;Miller;03FKM8172
David;Davis;248ZB759O
Emma;Jones;FOFI60V6Z
Michael;Brown;XOS9FSK8Q
John;Miller;DEBDQO8H5
Ava;Rodriguez;CMHMIU27N
Ava;Jones;9WZ439NLA
David;Davis;6DYLRRZQA
Olivia;Smith;4VWNZ7T07
David;Johnson;VO34ER06Y
David;Miller;W0OGEI37A
James;Johnson;7CA84367Y
Ava;Williams;R5YL4NGRF
Ava;Johnson;UJXN2LQZ5
Isabella;Smith;2OF32TNLU
Robert;Williams;F12VRIPTF
Sophia;Johnson;F720J5QHX
Robert;Johnson;9WA33XMEU
Ava;Smith;XR876CVLN
Ava;Martinez;SSDURX73H
Ava;Davis;I6XLK3B1U
Isabella;Brown;QHUX6U19U
Robert;Smith;H7ST14N3Q
Ava;Jones;DQGR733EB
David;Rodriguez;FRVC6TLLM
David;Garcia;M2PJY03KX
John;Rodriguez;LYR99Y731
John;Smith;H5UFURFVA
Ava;Brown;YR5RYU9GL
Sophia;Brown;A5BY9A6M5
Michael;Rodriguez;26AMQXDC9
David;Williams;AC1BY9ASG
Isabella;Brown;NQDZG5PJQ
Olivia;Miller;BLLKHQ96L
John;Johnson;YI1M6RKVY
Sophia;Williams;HEE8SFZMN
David;Miller;WXCWSEZY8
Emma;Garcia;ZPHLWIWLQ
Robert;Garcia;IPDTV3EGG
Emma;Miller;CLHSYWPGD
Emma;Williams;U9U5PAG21
David;Williams;75SZXXPC5
James;Davis;5MH0NBHSY
Olivia;Garcia;BTRFEX7S6
John;Smith;RNFRKVTT3
Emma;Smith;LUK6Z36E8
Isabella;Johnson;2NP6PHYDG
David;Brown;VJ4W5293H
Olivia;Rodriguez;QR4A9ZOTY
David;Rodriguez;E1762NCR4
Emma;Martinez;D0Y4Q69C6
Michael;Brown;M867LTTBO
Emma;Jones;OAGQAR270
David;Martinez;A0E6D9AUY
David;Garcia;9CM1A4RSE
James;Rodriguez;0UG671WDV
John;Williams;P8LLX5DD5
Isabella;Jones;U0657559G
Robert;Martinez;JO0M2KFY8
Isabella;Garcia;BW99QHC2T
Ava;Williams;DBINT32MP
Sophia;Miller;RPVLHEJ8U
Michael;Jones;7AVU9Z607
Michael;Martinez;TPBLDCZ7E
John;Martinez;97IG2D5EQ
Michael;Johnson;06QRE71JJ
Ava;Jones;LF5GRKX5D
Olivia;Smith;CV5VPKOU8
Olivia;Brown;JTTPSAPHD
John;Jones;EY1YMR9BG
Ava;Brown;YZGH80O9U
Olivia;Brown;GU1WJZ0GQ
Robert;Johnson;DZS4CTKFI
Michael;Smith;KMQ5QOBGW
Robert;Davis;PIWGCZL1V
John;Davis;4QP1NBGPR
Sophia;Martinez;APJPLURW3
Olivia;Brown;UEFH4MO6C
James;Rodriguez;5MZUJCV6K
David;Martinez;8EWKKHO8R
Michael;Martinez;OE4G1DA5Q
David;Johnson;0RMS4XK5A
Olivia;Jones;CE99ZRXX6
Ava;Martinez;FY2N2VP4J
Sophia;Brown;AZ7HBLZ9Y
John;Davis;DY3M074W0
Sophia;Garcia;MG5PR89PB
David;Johnson;HJ8NBC8VS
David;Brown;2WELMAFYF
Olivia;Martinez;07LB4XPPA
Isabella;Garcia;MWICHBWUM
John;Martinez;FT7L77BAZ
Michael;Miller;23AJ6DZIY
Isabella;Jones;83XQQE8O8
Isabella;Smith;RJN0PTSGY
Emma;Brown;M087QUZ91
James;Smith;J7K0V2892
John;Martinez;X3ZYOYBF2
Olivia;Rodriguez;T8YYDRKSW
James;Davis;N36WKLS6R
Isabella;Davis;I591CCTNS
Robert;Davis;J3UTIYUD2
James;Rodriguez;SO3BFVGEM
Michael;Davis;LWU2X2CKP
David;Brown;MDSQQIDAD
Emma;Martinez;HL00A8Q08
Ava;Martinez;WUK7JGEU8
Robert;Garcia;FGV98N5M3
Emma;Jones;KL398LSWD
David;Smith;VHUCHDLOM
Olivia;Jones;114LJZB76
Ava;Davis;5KKIOYDG5
Michael;Jones;UGN9W3O5A
Robert;Miller;HXYVAGZ0G
Robert;Rodriguez;19KMADI0B
Isabella;Rodriguez;BR7JSZE1I
David;Jones;8BIJ4WXUL
Ava;Garcia;DBV22YHSV
Emma;Williams;TB5BJ1ZSJ
Sophia;Rodriguez;8U1M2J0KT
Ava;Williams;G5P2KX0MG
Sophia;Miller;L7I74SAC9
John;Johnson;UWQI01NAG
Robert;Rodriguez;O5HBXCSLU
Sophia;Johnson;MR2ZFFPM1
Olivia;Martinez;0OPH46SVQ
Olivia;Jones;8C32RBB8H
Sophia;Garcia;MM2BA16UV
Olivia;Davis;KMF5MDYDH
Isabella;Martinez;4B7OYQGRU
David;Jones;F9STDWHZD
John;Rodriguez;VNO86TKGS
Michael;Garcia;43CX6PO2S
Michael;Garcia;BXBQKROXS
Olivia;Smith;4IJ3SM66S
Isabella;Miller;4MCZWOS17
Olivia;Davis;EDXHY70LL
Sophia;Martinez;RWYDYDYKW
Olivia;Garcia;TYPWYWZNW
Sophia;Rodriguez;H2876IJPO
Ava;Johnson;U9PEBRD93
Michael;Davis;GHOQQQU5H
Michael;Smith;P90IABB0R
Sophia;Brown;EF6V40LVS
Emma;Rodriguez;KMS5PYKUX
Emma;Rodriguez;CVWNCQQVK
Michael;Garcia;3ZL8D5KNT
Robert;Garcia;RA38YVNQB
John;Williams;1F1TOTYCP
Michael;Smith;TQB4U20I8
Robert;Garcia;B0A5ANR8V
Emma;Jones;O5U1V7OTX
David;Miller;BBSOJX0OA
Michael;Garcia;N4P5F93VX
Isabella;Miller;VWX5K5L3C
David;Smith;D9LV5WOSI
James;Williams;O29T1PHGJ
Ava;Martinez;0E8PU6CN5
James;Johnson;B0T42W3OA
John;Snow;1234ABCD